id,true_diagnosis,predicted_diagnosis,P(B),P(M)
871201,M,M,0.000000,1.000000
8810955,M,M,0.002262,0.997738
92751,B,B,1.000000,0.000000
8913,B,B,0.999994,0.000006
84610002,M,M,0.000037,0.999963
864877,M,M,0.000000,1.000000
9047,B,B,0.999699,0.000301
9113156,B,B,0.944941,0.055059
89869,B,B,0.987527,0.012473
91858,B,B,0.986348,0.013652
924934,B,B,0.999898,0.000102
9110127,M,M,0.000482,0.999518
91544001,B,B,0.999487,0.000513
905189,B,B,0.991125,0.008875
921092,B,B,1.000000,0.000000
8610908,B,B,0.996822,0.003178
856106,M,M,0.001655,0.998345
869476,B,B,0.999998,0.000002
917062,B,B,0.994472,0.005528
885429,M,M,0.000000,1.000000
905680,M,M,0.070607,0.929393
888570,M,M,0.000154,0.999846
88147202,B,B,0.961489,0.038511
8610629,B,B,0.999998,0.000002
859983,M,B,0.943572,0.056428
8810528,B,B,0.999641,0.000359
914862,B,B,0.989806,0.010194
884689,B,B,0.999724,0.000276
911654,B,B,0.960261,0.039739
879830,M,M,0.001430,0.998570
913505,M,M,0.000000,1.000000
924342,B,B,0.999999,0.000001
86561,B,B,0.998997,0.001003
9113816,B,B,0.949440,0.050560
859196,B,B,1.000000,0.000000
916838,M,M,0.000000,1.000000
90291,M,M,0.081169,0.918831
914102,B,B,0.998952,0.001048
901011,B,B,0.999981,0.000019
86409,B,B,0.999624,0.000376
883852,B,B,0.998368,0.001632
90312,M,M,0.000000,1.000000
865468,B,B,0.999720,0.000280
865128,M,M,0.000349,0.999651
89511502,B,B,0.999825,0.000175
883270,B,B,0.510925,0.489075
9110732,M,M,0.000000,1.000000
914333,B,B,0.946795,0.053205
88147102,B,B,0.995491,0.004509
89813,B,B,0.909932,0.090068
9011494,M,M,0.000000,1.000000
8912521,B,B,0.999959,0.000041
854268,M,M,0.003211,0.996789
862548,M,M,0.181951,0.818049
89827,B,B,0.999992,0.000008
901288,M,M,0.000000,1.000000
853201,M,M,0.025951,0.974049
891923,B,B,0.999898,0.000102
88199202,B,B,0.999852,0.000148
9010258,B,B,0.999071,0.000929
922576,B,B,0.982009,0.017991
909410,B,B,0.999505,0.000495
855133,M,M,0.004875,0.995125
842302,M,M,0.000000,1.000000
865423,M,M,0.000000,1.000000
86355,M,M,0.000000,1.000000
895299,B,B,0.999970,0.000030
8670,M,M,0.000018,0.999982
89742801,M,M,0.000000,1.000000
897604,B,B,0.999989,0.000011
923748,B,B,0.999999,0.000001
863270,B,B,0.999597,0.000403
865137,B,B,0.999981,0.000019
871642,B,B,0.999999,0.000001
879804,B,B,0.999999,0.000001
9113514,B,B,0.999999,0.000001
88649001,M,M,0.000000,1.000000
908489,M,M,0.000217,0.999783
913063,B,B,0.998090,0.001910
84300903,M,M,0.000000,1.000000
894855,B,B,0.998436,0.001564
8911230,B,B,0.999997,0.000003
8610404,M,M,0.000020,0.999980
864685,B,B,0.994579,0.005421
846381,M,M,0.196342,0.803658
8910988,M,M,0.000000,1.000000
852763,M,M,0.000001,0.999999
90251,B,B,0.998406,0.001594
882488,B,B,1.000000,0.000000
905502,B,B,0.629625,0.370375
91805,B,B,1.000000,0.000000
85638502,M,M,0.012451,0.987549
902975,B,B,0.999814,0.000186
858477,B,B,1.000000,0.000000
86730502,M,M,0.000028,0.999972
8813129,B,B,0.986663,0.013337
8711002,B,B,0.999206,0.000794
89812,M,M,0.000000,1.000000
85382601,M,M,0.000000,1.000000
862722,B,B,1.000000,0.000000
854941,B,B,0.999782,0.000218
922840,B,B,1.000000,0.000000
87139402,B,B,0.999911,0.000089
891703,B,B,0.999806,0.000194
859464,B,B,0.999991,0.000009
89864002,B,B,0.999827,0.000173
868682,B,B,0.999925,0.000075
853401,M,M,0.000000,1.000000
8911670,M,M,0.001499,0.998501
858970,B,B,0.999996,0.000004
915143,M,M,0.000000,1.000000
87127,B,B,1.000000,0.000000
924084,B,B,0.990423,0.009577
8712729,M,M,0.002215,0.997785
915276,B,B,1.000000,0.000000
